roller,
rim,
alternator,
electromagnet,
wheel,
control,
battery,
piston,
starter,
winding,
loudspeaker,
transmission,
runner,
wedge,
jumper,
airbag,
connector,
standby,
activation,
compass,
wheel,
fuel,
sensor,
regulation,
converter,
transponder,
door,
microphone,
button,
thermocouple,
heater element,
friction bearing,
brake fluid,
pump housing,
brake pad,
pressure sensor,
alternator stator,
fuel tank,
intake manifold,
engine cover,
spark plug,
camshaft control,
cigarette lighter,
steering wheel,
navigation system,
running gear,
reed switch,
power take-off,
leakage current,
lid,
particulate filter,
trim,
drive,
padding,
rotor,
chain,
pipe,
gate,
station,
hold,
surround sound system,
front fog light,
heated steering wheel,
liquid crystal display,
power steering pump,
interval display service,
power supply sensors,
piezo equivalent load,
bulkhead sound insulation,
radiator fan impeller,
functions,
regulation,
rod,
manifold,
roller,
bridge,
solenoid,
collar,
supply,
microphone,
led,
level,
seal,
housing,
trim,
sensor,
arm,
heating,
bar,
gasket,
device,
management,
arm,
solenoid,
button,
reduction,
connection,
temperature,
motor,
control,
